timestamp,type,d0,d1,d2,d3,d4,d5
1314103523,MAG,-0.09833332896232605,0.2459999918937683,0.5704166889190674,8.562083642603002e-27,-8.729313744660961e-21,4.865932384399887e-15
1314203523,MAG,-0.10083333402872086,0.24975000321865082,0.5654166340827942,3989882884063232.0,1.5214164268076615e+29,-5.482510536595868e-14
1314303523,MAG,-0.10474999994039536,0.257666677236557,0.565833330154419,1.067654440999026e-26,-3.5306072732055327e-06,-1.6290526649204017e+29
1314403523,MAG,-0.10125000029802322,0.25683334469795227,0.5589166879653931,14471716.0,nan,-1.2804757673035123e-24
1314503523,MAG,-0.10599999874830246,0.2580833435058594,0.5572500228881836,-28875606016.0,2913976933416960.0,-0.0004430764529388398
1314603523,MAG,-0.10433333367109299,0.25099998712539673,0.5605833530426025,-5.856828093374704e-21,-2948128571392.0,44.606285095214844
1314703523,MAG,-0.10000000149011612,0.25683334469795227,0.565833330154419,-5646591.5,3.0503801633400776e+27,3.6096732954881154e-29
1314803523,MAG,-0.10350000113248825,0.24766665697097778,0.5662499666213989,-7.449113464108717e-17,-1.604299783706665,-821917288235008.0
1314903523,MAG,-0.10041666775941849,0.25474998354911804,0.5691666603088379,-2.858230359495075e-16,-32584249638912.0,1.4326586099892393e-26
1315003523,MAG,-0.10599999874830246,0.24683332443237305,0.5666666626930237,-2.6206696439283712e+17,-3.467039953796308e+25,6.992654577761592e-36
1315103523,MAG,-0.10000000149011612,0.25308331847190857,0.5637499690055847,-1.5469175690830533e-13,7.781116063799652e+33,5.398316793581159e-10
1315203523,MAG,-0.10208333283662796,0.2555833160877228,0.565833330154419,-27.297666549682617,5.361875832221585e-09,1.7199202994953528e-24
1315303523,MAG,-0.10474999994039536,0.2514166533946991,0.5679166316986084,-1.0626061411419278e-34,-4.977190187771541e-11,9.17345076467155e-21
1315403523,MAG,-0.10766666382551193,0.2564166784286499,0.5679166316986084,-1.5914407650529286e-37,-1.1733498465353728e+16,-6.728005149123482e-27
1315503523,MAG,-0.10766666382551193,0.2543333172798157,0.5666666626930237,-1.1074959662759098e-19,-2.4211643903981894e-05,3.853205291048326e-24
1315603523,MAG,-0.10599999874830246,0.24541667103767395,0.5645833015441895,-5.746379254447959e-19,-228389348704256.0,1.4626697282085267e-16
1315703523,MAG,-0.10208333283662796,0.25099998712539673,0.5637499690055847,1199674.375,1.3068947480078437e+25,4793211813888.0
1315803523,MAG,-0.09058333188295364,0.24766665697097778,0.5529166460037231,-1.047490513883531e-06,-3.0078950863231194e+29,1.3577632375260297e-36
1315903523,MAG,-0.09749999642372131,0.2593333423137665,0.5609999895095825,23.980247497558594,993475797450752.0,-3.992065789049093e-09
1316003523,MAG,-0.10433333367109299,0.2485000044107437,0.5589166879653931,902101991424.0,-2.1550778836914114e-20,7.855136354741055e-13
1316103523,MAG,-0.10083333402872086,0.25183331966400146,0.5580833554267883,2.4227875057486004e+19,2.082113041979028e-07,2.55233965351847e+22
1316203523,MAG,-0.10558333247900009,0.24975000321865082,0.5662499666213989,1.1100254459378428e+25,-271106908880896.0,3.2637436228524782e-25
1316303523,MAG,-0.10350000113248825,0.2564166784286499,0.5637499690055847,-2.224044669613719e+23,1.8686178255041318e-37,1022737.0625
1316403523,MAG,-0.10599999874830246,0.2543333172798157,0.5605833530426025,4.968542550373133e-19,-59328589463552.0,-0.0019977858755737543
1316503523,MAG,-0.10166666656732559,0.2539166510105133,0.5649999976158142,-5393.26416015625,-2.779582786752156e+28,-1.6189080724871019e-06
1316603523,MAG,-0.10166666656732559,0.2551666498184204,0.5637499690055847,3.689690113067627,0.6188635230064392,3.00053046728065e+17
1316703523,MAG,-0.10558333247900009,0.25058332085609436,0.5687499642372131,211.02134704589844,1.6825156518715508e+25,-2.713288495215238e-06
1316803523,MAG,-0.0964166671037674,0.25183331966400146,0.5572500228881836,110519566336.0,562484346880.0,-6.976257586827889e+33
1316903523,MAG,-0.10083333402872086,0.2543333172798157,0.5645833015441895,6.421504933936187e+26,-3.576972363596685e-14,1.0225062296009035e-31
1317003523,MAG,-0.1029166653752327,0.25099998712539673,0.562666654586792,-57.37968063354492,6.091388554276576e+28,-0.011001649312675
1317103523,MAG,-0.09749999642372131,0.2543333172798157,0.565833330154419,3.060818437941627e+25,2.2593647786006699e-10,2.3412407562980367e-24
1317203523,MAG,-0.10641666501760483,0.25058332085609436,0.5666666626930237,5839.31884765625,2.161291359002076e+20,1.349910849768321e-09
1317303523,MAG,-0.1029166653752327,0.25099998712539673,0.5670832991600037,-3.4342030219612095e-29,-6.83380279801889e-26,-2.7930112787333356e+20
1317403523,MAG,-0.10474999994039536,0.25683334469795227,0.5637499690055847,2.2597511972032234e+35,1.3854555523662437e-11,1.0493744762030133e-09
1317503523,MAG,-0.10350000113248825,0.24808332324028015,0.562666654586792,-1.4711646816430913e-32,0.00018428738985676318,7.496581554432317e-18
1317603523,MAG,-0.1068333312869072,0.25183331966400146,0.5666666626930237,-1.5753408777116618e-12,43708727296.0,1.9609888823879373e-08
1317703523,MAG,-0.10333333164453506,0.24975000321865082,0.5662499666213989,3.0000340503602624e-33,-3.1668258668492313e+38,3.1454380296369667e-27
1317803523,MAG,-0.10208333283662796,0.25099998712539673,0.5679166316986084,-40210851168256.0,1.905928611755371,2.967855822211263e-11
1317903523,MAG,-0.10083333402872086,0.2626666724681854,0.5704166889190674,-5.783127668373198e-29,-4.144371785660761e-35,9.094706502071092e-27
1318003523,MAG,-0.09516666829586029,0.2539166510105133,0.5637499690055847,5.85063490165564e-20,-1.6520804913222472e+23,-4.8841718793512024e+36
1318103523,MAG,-0.08999999612569809,0.25599998235702515,0.5618333220481873,3.4672427719842626e+31,-7.36239822072666e+35,1.1046498187338739e-19
1318203523,MAG,-0.10333333164453506,0.2514166533946991,0.5662499666213989,4.4164780339805976e-13,5.188900485951652e+17,1.894994165683058e-32
1318303523,MAG,-0.10166666656732559,0.25308331847190857,0.5666666626930237,-9.158222240347478e-22,-4.7534251287930626e+36,57.36771774291992
1318403523,MAG,-0.10391666740179062,0.24500000476837158,0.5641666650772095,-1.3227908396478495e-16,5.914348599117691e+26,-3.9391374055871495e-33
1318503523,MAG,-0.10208333283662796,0.24541667103767395,0.5691666603088379,-1.3560381712568986e+24,0.00011033543705707416,7.720963154690678e-35
1318603523,MAG,-0.10516666620969772,0.24808332324028015,0.5654166340827942,-133250.0,-2.711484633419423e+32,-3.647774686941864e+30
1318703523,MAG,-0.10166666656732559,0.24724999070167542,0.5641666650772095,-4.087793801886338e-36,-1.241535868243242e+31,1.8498946153688167e-27
1318803524,MAG,-0.09791666269302368,0.25099998712539673,0.5691666603088379,4.383977234910747e+36,1.1706017461548347e+35,-9.633033926093049e-09
1318903523,MAG,-0.09749999642372131,0.2459999918937683,0.5687499642372131,-1.6970943209939015e+33,2.9129487303615413e+22,-1.2403428974110264e+28
1319003523,MAG,-0.09958333522081375,0.2485000044107437,0.5601666569709778,7.760167383617414e-34,-6.689496512279902e-09,-1.4971679007658167e-08
1319103523,MAG,-0.09874999523162842,0.24458332359790802,0.5645833015441895,8.562083642603002e-27,-8.729313744660961e-21,4.865932384399887e-15
1319203523,MAG,-0.09916666895151138,0.23916666209697723,0.565833330154419,3989882884063232.0,1.5214164268076615e+29,-5.482510536595868e-14
1319303523,MAG,-0.10000000149011612,0.23541666567325592,0.5630833506584167,1.067654440999026e-26,-3.5306072732055327e-06,-1.6290526649204017e+29
1319403523,MAG,-0.09708333015441895,0.22474999725818634,0.5605833530426025,14471716.0,nan,-1.2804757673035123e-24
1319503523,MAG,-0.11041666567325592,0.19099999964237213,0.5559999942779541,-28875606016.0,2913976933416960.0,-0.0004430764529388398
1319603523,MAG,-0.11416666209697723,0.16958333551883698,0.5533333420753479,-5.856828093374704e-21,-2948128571392.0,44.606285095214844
1319703523,MAG,-0.11374999582767487,0.16750000417232513,0.5487499833106995,-5646591.5,3.0503801633400776e+27,3.6096732954881154e-29
1319803523,MAG,-0.11541666835546494,0.16124999523162842,0.5504166483879089,-7.449113464108717e-17,-1.604299783706665,-821917288235008.0
1319903523,MAG,-0.11933333426713943,0.16083332896232605,0.5447499752044678,-2.858230359495075e-16,-32584249638912.0,1.4326586099892393e-26
1320003523,MAG,-0.12416666746139526,0.1576666682958603,0.5447499752044678,-2.6206696439283712e+17,-3.467039953796308e+25,6.992654577761592e-36
1320103523,MAG,-0.13058333098888397,0.15516667068004608,0.5395833253860474,-1.5469175690830533e-13,7.781116063799652e+33,5.398316793581159e-10
1320203523,MAG,-0.1459999978542328,0.13458333909511566,0.543916642665863,-27.297666549682617,5.361875832221585e-09,1.7199202994953528e-24
1320303523,MAG,-0.14999999105930328,0.132916659116745,0.5337499976158142,-1.0626061411419278e-34,-4.977190187771541e-11,9.17345076467155e-21
1320403523,MAG,-0.15725000202655792,0.13083332777023315,0.531416654586792,-1.5914407650529286e-37,-1.1733498465353728e+16,-6.728005149123482e-27
1320503523,MAG,-0.15600000321865082,0.13750000298023224,0.5366666316986084,-1.1074959662759098e-19,-2.4211643903981894e-05,3.853205291048326e-24
1320603523,MAG,-0.15333333611488342,0.13500000536441803,0.5301666855812073,-5.746379254447959e-19,-228389348704256.0,1.4626697282085267e-16
1320703523,MAG,-0.15333333611488342,0.12541666626930237,0.5418333411216736,1199674.375,1.3068947480078437e+25,4793211813888.0
1320803523,MAG,-0.15416666865348816,0.1287499964237213,0.531416654586792,-1.047490513883531e-06,-3.0078950863231194e+29,1.3577632375260297e-36
1320903523,MAG,-0.15208333730697632,0.13124999403953552,0.5375000238418579,23.980247497558594,993475797450752.0,-3.992065789049093e-09
1321003523,MAG,-0.15125000476837158,0.12708333134651184,0.5333333015441895,902101991424.0,-2.1550778836914114e-20,7.855136354741055e-13
1321103523,MAG,-0.15208333730697632,0.13500000536441803,0.5285000205039978,2.4227875057486004e+19,2.082113041979028e-07,2.55233965351847e+22
1321203523,MAG,-0.15416666865348816,0.1316666603088379,0.5251666903495789,1.1100254459378428e+25,-271106908880896.0,3.2637436228524782e-25
1321303523,MAG,-0.15291666984558105,0.140583336353302,0.5255833268165588,-2.224044669613719e+23,1.8686178255041318e-37,1022737.0625
1321403523,MAG,-0.15291666984558105,0.13124999403953552,0.5272499918937683,4.968542550373133e-19,-59328589463552.0,-0.0019977858755737543
1321503523,MAG,-0.1576666682958603,0.1304166615009308,0.5301666855812073,-5393.26416015625,-2.779582786752156e+28,-1.6189080724871019e-06
1321603523,MAG,-0.1537500023841858,0.13333332538604736,0.531416654586792,3.689690113067627,0.6188635230064392,3.00053046728065e+17
1321703524,MAG,-0.1508333384990692,0.12916666269302368,0.5337499976158142,211.02134704589844,1.6825156518715508e+25,-2.713288495215238e-06
1321803523,MAG,-0.15166667103767395,0.13500000536441803,0.528083324432373,110519566336.0,562484346880.0,-6.976257586827889e+33
1321903523,MAG,-0.14766666293144226,0.13458333909511566,0.5301666855812073,6.421504933936187e+26,-3.576972363596685e-14,1.0225062296009035e-31
1322003523,MAG,-0.15291666984558105,0.1341666579246521,0.5260000228881836,-57.37968063354492,6.091388554276576e+28,-0.011001649312675
1322103523,MAG,-0.15208333730697632,0.13625000417232513,0.5337499976158142,3.060818437941627e+25,2.2593647786006699e-10,2.3412407562980367e-24
1322203523,MAG,-0.14999999105930328,0.12916666269302368,0.5366666316986084,5839.31884765625,2.161291359002076e+20,1.349910849768321e-09
1322303523,MAG,-0.14916665852069855,0.1274999976158142,0.5329166650772095,-3.4342030219612095e-29,-6.83380279801889e-26,-2.7930112787333356e+20
1322403523,MAG,-0.14874999225139618,0.1304166615009308,0.5324999690055847,2.2597511972032234e+35,1.3854555523662437e-11,1.0493744762030133e-09
1322503523,MAG,-0.1537500023841858,0.13124999403953552,0.5358332991600037,-1.4711646816430913e-32,0.00018428738985676318,7.496581554432317e-18
1322603523,MAG,-0.15725000202655792,0.132916659116745,0.5329166650772095,-1.5753408777116618e-12,43708727296.0,1.9609888823879373e-08
1322703523,MAG,-0.1459999978542328,0.14225000143051147,0.531416654586792,3.0000340503602624e-33,-3.1668258668492313e+38,3.1454380296369667e-27
1322803523,MAG,-0.14808332920074463,0.13958333432674408,0.5375000238418579,-40210851168256.0,1.905928611755371,2.967855822211263e-11
1322903523,MAG,-0.14999999105930328,0.13958333432674408,0.5293333530426025,-5.783127668373198e-29,-4.144371785660761e-35,9.094706502071092e-27
1323003523,MAG,-0.14958332479000092,0.13374999165534973,0.5260000228881836,5.85063490165564e-20,-1.6520804913222472e+23,-4.8841718793512024e+36
1323103523,MAG,-0.14166666567325592,0.13833333551883698,0.5318333506584167,3.4672427719842626e+31,-7.36239822072666e+35,1.1046498187338739e-19
1323203523,MAG,-0.15166667103767395,0.15016666054725647,0.5375000238418579,4.4164780339805976e-13,5.188900485951652e+17,1.894994165683058e-32
1323303523,MAG,-0.1601666659116745,0.12833333015441895,0.5260000228881836,-9.158222240347478e-22,-4.7534251287930626e+36,57.36771774291992
1323403523,MAG,-0.16374999284744263,0.12833333015441895,0.5268333554267883,-1.3227908396478495e-16,5.914348599117691e+26,-3.9391374055871495e-33
1323503523,MAG,-0.16374999284744263,0.1366666704416275,0.5341666340827942,-1.3560381712568986e+24,0.00011033543705707416,7.720963154690678e-35
1323603523,MAG,-0.14916665852069855,0.14100000262260437,0.5341666340827942,-133250.0,-2.711484633419423e+32,-3.647774686941864e+30
1323703523,MAG,-0.14916665852069855,0.14433333277702332,0.5358332991600037,-4.087793801886338e-36,-1.241535868243242e+31,1.8498946153688167e-27
1323803523,MAG,-0.14766666293144226,0.14516666531562805,0.5333333015441895,4.383977234910747e+36,1.1706017461548347e+35,-9.633033926093049e-09
1323903523,MAG,-0.13958333432674408,0.15683333575725555,0.5395833253860474,-1.6970943209939015e+33,2.9129487303615413e+22,-1.2403428974110264e+28
1324003523,MAG,-0.12541666626930237,0.16124999523162842,0.546833336353302,7.760167383617414e-34,-6.689496512279902e-09,-1.4971679007658167e-08
1324103523,MAG,-0.1326666623353958,0.17891666293144226,0.5495833158493042,8.562083642603002e-27,-8.729313744660961e-21,4.865932384399887e-15
1324203523,MAG,-0.12583333253860474,0.17683333158493042,0.5495833158493042,3989882884063232.0,1.5214164268076615e+29,-5.482510536595868e-14
1324303523,MAG,-0.12058333307504654,0.17208333313465118,0.5516666769981384,1.067654440999026e-26,-3.5306072732055327e-06,-1.6290526649204017e+29
1324403523,MAG,-0.12708333134651184,0.17291666567325592,0.547249972820282,14471716.0,nan,-1.2804757673035123e-24
1324503523,MAG,-0.13058333098888397,0.18558333814144135,0.5508333444595337,-28875606016.0,2913976933416960.0,-0.0004430764529388398
1324603523,MAG,-0.11808333545923233,0.18391665816307068,0.5554166436195374,-5.856828093374704e-21,-2948128571392.0,44.606285095214844
1324703523,MAG,-0.10391666740179062,0.2201666682958603,0.5666666626930237,-5646591.5,3.0503801633400776e+27,3.6096732954881154e-29
1324803523,MAG,-0.11124999821186066,0.23208333551883698,0.5662499666213989,-7.449113464108717e-17,-1.604299783706665,-821917288235008.0
1324903523,MAG,-0.10724999755620956,0.23333333432674408,0.5601666569709778,-2.858230359495075e-16,-32584249638912.0,1.4326586099892393e-26
1325003523,MAG,-0.11374999582767487,0.22766666114330292,0.5618333220481873,-2.6206696439283712e+17,-3.467039953796308e+25,6.992654577761592e-36
1325103523,MAG,-0.11124999821186066,0.23250000178813934,0.5601666569709778,-1.5469175690830533e-13,7.781116063799652e+33,5.398316793581159e-10
1325203523,MAG,-0.10849999636411667,0.23375000059604645,0.5630833506584167,-27.297666549682617,5.361875832221585e-09,1.7199202994953528e-24
1325303523,MAG,-0.10599999874830246,0.23541666567325592,0.5584999918937683,-1.0626061411419278e-34,-4.977190187771541e-11,9.17345076467155e-21
1325403523,MAG,-0.10249999910593033,0.2395833283662796,0.5576666593551636,-1.5914407650529286e-37,-1.1733498465353728e+16,-6.728005149123482e-27
1325503523,MAG,-0.10766666382551193,0.22958333790302277,0.5576666593551636,-1.1074959662759098e-19,-2.4211643903981894e-05,3.853205291048326e-24
1325603523,MAG,-0.11625000089406967,0.22958333790302277,0.562250018119812,-5.746379254447959e-19,-228389348704256.0,1.4626697282085267e-16
1325703523,MAG,-0.1145833358168602,0.22766666114330292,0.562250018119812,1199674.375,1.3068947480078437e+25,4793211813888.0
1325803523,MAG,-0.10391666740179062,0.22808332741260529,0.562250018119812,-1.047490513883531e-06,-3.0078950863231194e+29,1.3577632375260297e-36
1325903523,MAG,-0.11041666567325592,0.22766666114330292,0.5597500205039978,23.980247497558594,993475797450752.0,-3.992065789049093e-09
1326003523,MAG,-0.10724999755620956,0.23499999940395355,0.5605833530426025,902101991424.0,-2.1550778836914114e-20,7.855136354741055e-13
1326103523,MAG,-0.11041666567325592,0.2316666692495346,0.5641666650772095,2.4227875057486004e+19,2.082113041979028e-07,2.55233965351847e+22
1326203523,MAG,-0.10766666382551193,0.23250000178813934,0.5564166903495789,1.1100254459378428e+25,-271106908880896.0,3.2637436228524782e-25
1326303523,MAG,-0.10974999517202377,0.22433333098888397,0.5554166436195374,-2.224044669613719e+23,1.8686178255041318e-37,1022737.0625
1326403523,MAG,-0.1158333346247673,0.2134999930858612,0.5564166903495789,4.968542550373133e-19,-59328589463552.0,-0.0019977858755737543
1326503523,MAG,-0.12058333307504654,0.21766667068004608,0.5529166460037231,-5393.26416015625,-2.779582786752156e+28,-1.6189080724871019e-06
1326603523,MAG,-0.11808333545923233,0.20291666686534882,0.5572500228881836,3.689690113067627,0.6188635230064392,3.00053046728065e+17
1326703523,MAG,-0.12666666507720947,0.18141666054725647,0.5554166436195374,211.02134704589844,1.6825156518715508e+25,-2.713288495215238e-06
1326803523,MAG,-0.1287499964237213,0.17558333277702332,0.5495833158493042,110519566336.0,562484346880.0,-6.976257586827889e+33
1326903523,MAG,-0.14266666769981384,0.15833333134651184,0.5349999666213989,6.421504933936187e+26,-3.576972363596685e-14,1.0225062296009035e-31
1327003523,MAG,-0.1525000035762787,0.14433333277702332,0.5260000228881836,-57.37968063354492,6.091388554276576e+28,-0.011001649312675
1327103523,MAG,-0.16249999403953552,0.1304166615009308,0.5229166746139526,3.060818437941627e+25,2.2593647786006699e-10,2.3412407562980367e-24
1327203523,MAG,-0.1680833250284195,0.11766666173934937,0.5118333101272583,5839.31884765625,2.161291359002076e+20,1.349910849768321e-09
1327303523,MAG,-0.1743333339691162,0.10558333247900009,0.5041666626930237,-3.4342030219612095e-29,-6.83380279801889e-26,-2.7930112787333356e+20
1327403523,MAG,-0.19641666114330292,0.09708333015441895,0.4984999895095825,2.2597511972032234e+35,1.3854555523662437e-11,1.0493744762030133e-09
1327503523,MAG,-0.20724999904632568,0.0925000011920929,0.49433332681655884,-1.4711646816430913e-32,0.00018428738985676318,7.496581554432317e-18
1327603523,MAG,-0.21375000476837158,0.0768333300948143,0.4818333387374878,-1.5753408777116618e-12,43708727296.0,1.9609888823879373e-08
1327703523,MAG,-0.2201666682958603,0.08516666293144226,0.48749998211860657,3.0000340503602624e-33,-3.1668258668492313e+38,3.1454380296369667e-27
1327803523,MAG,-0.21975000202655792,0.07766666263341904,0.48624998331069946,-40210851168256.0,1.905928611755371,2.967855822211263e-11
1327903523,MAG,-0.22474999725818634,0.06875000149011612,0.4793333411216736,-5.783127668373198e-29,-4.144371785660761e-35,9.094706502071092e-27
1328003523,MAG,-0.22749999165534973,0.07308333367109299,0.4684999883174896,5.85063490165564e-20,-1.6520804913222472e+23,-4.8841718793512024e+36
1328103523,MAG,-0.23250000178813934,0.06916666775941849,0.46266666054725647,3.4672427719842626e+31,-7.36239822072666e+35,1.1046498187338739e-19
1328203523,MAG,-0.24166665971279144,0.06708332896232605,0.460833340883255,4.4164780339805976e-13,5.188900485951652e+17,1.894994165683058e-32
1328303523,MAG,-0.24416665732860565,0.06333333253860474,0.4639166593551636,-9.158222240347478e-22,-4.7534251287930626e+36,57.36771774291992
1328403523,MAG,-0.24766665697097778,0.05666666477918625,0.4518333375453949,-1.3227908396478495e-16,5.914348599117691e+26,-3.9391374055871495e-33
1328503523,MAG,-0.2529166638851166,0.055416665971279144,0.45499998331069946,-1.3560381712568986e+24,0.00011033543705707416,7.720963154690678e-35
1328603523,MAG,-0.2529166638851166,0.05791666731238365,0.4441666603088379,-133250.0,-2.711484633419423e+32,-3.647774686941864e+30
1328703523,MAG,-0.25583332777023315,0.05999999865889549,0.44333332777023315,-4.087793801886338e-36,-1.241535868243242e+31,1.8498946153688167e-27
1328803523,MAG,-0.2626666724681854,0.0637499988079071,0.44083333015441895,4.383977234910747e+36,1.1706017461548347e+35,-9.633033926093049e-09
1328903523,MAG,-0.2683333158493042,0.06083333119750023,0.4493333399295807,-1.6970943209939015e+33,2.9129487303615413e+22,-1.2403428974110264e+28
1329003523,MAG,-0.2708333432674408,0.06875000149011612,0.44083333015441895,7.760167383617414e-34,-6.689496512279902e-09,-1.4971679007658167e-08
1329103523,MAG,-0.27433332800865173,0.07183333486318588,0.4412499964237213,8.562083642603002e-27,-8.729313744660961e-21,4.865932384399887e-15
1329203523,MAG,-0.28333333134651184,0.07000000029802322,0.43141666054725647,3989882884063232.0,1.5214164268076615e+29,-5.482510536595868e-14
1329303523,MAG,-0.28850001096725464,0.07000000029802322,0.42541664838790894,1.067654440999026e-26,-3.5306072732055327e-06,-1.6290526649204017e+29
1329403523,MAG,-0.2985000014305115,0.07266666740179062,0.43058332800865173,14471716.0,nan,-1.2804757673035123e-24
1329503523,MAG,-0.30141666531562805,0.0780833289027214,0.42750000953674316,-28875606016.0,2913976933416960.0,-0.0004430764529388398
1329603523,MAG,-0.3018333315849304,0.0768333300948143,0.42100000381469727,-5.856828093374704e-21,-2948128571392.0,44.606285095214844
1329703523,MAG,-0.2941666543483734,0.08016666769981384,0.4258333146572113,-5646591.5,3.0503801633400776e+27,3.6096732954881154e-29
1329803523,MAG,-0.3005833327770233,0.07100000232458115,0.42374998331069946,-7.449113464108717e-17,-1.604299783706665,-821917288235008.0
1329903523,MAG,-0.2920833230018616,0.08308333158493042,0.42416664958000183,-2.858230359495075e-16,-32584249638912.0,1.4326586099892393e-26
1330003523,MAG,-0.2993333339691162,0.0768333300948143,0.4326666593551636,-2.6206696439283712e+17,-3.467039953796308e+25,6.992654577761592e-36
1330103523,MAG,-0.29708331823349,0.0793333351612091,0.4283333420753479,-1.5469175690830533e-13,7.781116063799652e+33,5.398316793581159e-10
1330203523,MAG,-0.2941666543483734,0.07850000262260437,0.43433332443237305,-27.297666549682617,5.361875832221585e-09,1.7199202994953528e-24
1330303523,MAG,-0.2997500002384186,0.07975000143051147,0.43183332681655884,-1.0626061411419278e-34,-4.977190187771541e-11,9.17345076467155e-21
1330403523,MAG,-0.2941666543483734,0.07850000262260437,0.4334999918937683,-1.5914407650529286e-37,-1.1733498465353728e+16,-6.728005149123482e-27
1330503523,MAG,-0.2993333339691162,0.08016666769981384,0.42541664838790894,-1.1074959662759098e-19,-2.4211643903981894e-05,3.853205291048326e-24
1330603523,MAG,-0.3005833327770233,0.07850000262260437,0.43308332562446594,-5.746379254447959e-19,-228389348704256.0,1.4626697282085267e-16
1330703523,MAG,-0.30016666650772095,0.07850000262260437,0.43058332800865173,1199674.375,1.3068947480078437e+25,4793211813888.0
1330803523,MAG,-0.29499998688697815,0.0768333300948143,0.4322499930858612,-1.047490513883531e-06,-3.0078950863231194e+29,1.3577632375260297e-36
1330903523,MAG,-0.29499998688697815,0.07975000143051147,0.43833333253860474,23.980247497558594,993475797450752.0,-3.992065789049093e-09
1331003523,MAG,-0.29891666769981384,0.08183333277702332,0.42541664838790894,902101991424.0,-2.1550778836914114e-20,7.855136354741055e-13
1331103523,MAG,-0.2945833206176758,0.08100000023841858,0.42791667580604553,2.4227875057486004e+19,2.082113041979028e-07,2.55233965351847e+22
1331203523,MAG,-0.30141666531562805,0.08183333277702332,0.42750000953674316,1.1100254459378428e+25,-271106908880896.0,3.2637436228524782e-25
1331303523,MAG,-0.3005833327770233,0.07891666889190674,0.43183332681655884,-2.224044669613719e+23,1.8686178255041318e-37,1022737.0625
1331403523,MAG,-0.3005833327770233,0.07975000143051147,0.4270833432674408,4.968542550373133e-19,-59328589463552.0,-0.0019977858755737543
1331503523,MAG,-0.3030833303928375,0.07599999755620956,0.4233333170413971,-5393.26416015625,-2.779582786752156e+28,-1.6189080724871019e-06
1331603523,MAG,-0.3109999895095825,0.08058333396911621,0.41975000500679016,3.689690113067627,0.6188635230064392,3.00053046728065e+17
1331703523,MAG,-0.31433331966400146,0.08958332985639572,0.4283333420753479,211.02134704589844,1.6825156518715508e+25,-2.713288495215238e-06
1331803523,MAG,-0.3199999928474426,0.09041666239500046,0.414166659116745,110519566336.0,562484346880.0,-6.976257586827889e+33
1331903524,MAG,-0.31349998712539673,0.09624999761581421,0.4137499928474426,6.421504933936187e+26,-3.576972363596685e-14,1.0225062296009035e-31
1332003523,MAG,-0.33124998211860657,0.1054166629910469,0.4112499952316284,-57.37968063354492,6.091388554276576e+28,-0.011001649312675
1332103523,MAG,-0.335999995470047,0.10249999910593033,0.4151666760444641,3.060818437941627e+25,2.2593647786006699e-10,2.3412407562980367e-24
1332203523,MAG,-0.3454166650772095,0.10249999910593033,0.39933332800865173,5839.31884765625,2.161291359002076e+20,1.349910849768321e-09
1332303523,MAG,-0.35999998450279236,0.10849999636411667,0.3876666724681854,-3.4342030219612095e-29,-6.83380279801889e-26,-2.7930112787333356e+20
1332403523,MAG,-0.35749998688697815,0.11683332920074463,0.3876666724681854,2.2597511972032234e+35,1.3854555523662437e-11,1.0493744762030133e-09
1332503523,MAG,-0.36766666173934937,0.11308333277702332,0.3799999952316284,-1.4711646816430913e-32,0.00018428738985676318,7.496581554432317e-18
1332603523,MAG,-0.3695833384990692,0.10974999517202377,0.3779166638851166,-1.5753408777116618e-12,43708727296.0,1.9609888823879373e-08
1332703523,MAG,-0.37041667103767395,0.11683332920074463,0.3804166615009308,3.0000340503602624e-33,-3.1668258668492313e+38,3.1454380296369667e-27
1332803523,MAG,-0.36391666531562805,0.10599999874830246,0.3766666650772095,-40210851168256.0,1.905928611755371,2.967855822211263e-11
1332903523,MAG,-0.3622500002384186,0.11141666769981384,0.3843333423137665,-5.783127668373198e-29,-4.144371785660761e-35,9.094706502071092e-27
1333003523,MAG,-0.37041667103767395,0.11933333426713943,0.3774999976158142,5.85063490165564e-20,-1.6520804913222472e+23,-4.8841718793512024e+36
1333103523,MAG,-0.3725000023841858,0.12141666561365128,0.3709999918937683,3.4672427719842626e+31,-7.36239822072666e+35,1.1046498187338739e-19
1333203523,MAG,-0.36916667222976685,0.12266666442155838,0.37433332204818726,4.4164780339805976e-13,5.188900485951652e+17,1.894994165683058e-32
1333303523,MAG,-0.36916667222976685,0.12708333134651184,0.37308332324028015,-9.158222240347478e-22,-4.7534251287930626e+36,57.36771774291992
1333403523,MAG,-0.37558332085609436,0.125,0.36933332681655884,-1.3227908396478495e-16,5.914348599117691e+26,-3.9391374055871495e-33
1333503523,MAG,-0.3801666498184204,0.1262499988079071,0.3675000071525574,-1.3560381712568986e+24,0.00011033543705707416,7.720963154690678e-35
1333603523,MAG,-0.375166654586792,0.12141666561365128,0.3658333420753479,-133250.0,-2.711484633419423e+32,-3.647774686941864e+30
1333703523,MAG,-0.3866666555404663,0.12666666507720947,0.35975000262260437,-4.087793801886338e-36,-1.241535868243242e+31,1.8498946153688167e-27
1333803523,MAG,-0.39625000953674316,0.1535000056028366,0.3564166724681854,4.383977234910747e+36,1.1706017461548347e+35,-9.633033926093049e-09
1333903523,MAG,-0.40833333134651184,0.16374999284744263,0.3454166650772095,-1.6970943209939015e+33,2.9129487303615413e+22,-1.2403428974110264e+28
1334003523,MAG,-0.41475000977516174,0.1745833307504654,0.335833340883255,7.760167383617414e-34,-6.689496512279902e-09,-1.4971679007658167e-08
1334103523,MAG,-0.4176666736602783,0.18808333575725555,0.3389166593551636,8.562083642603002e-27,-8.729313744660961e-21,4.865932384399887e-15
1334203523,MAG,-0.41850000619888306,0.20999999344348907,0.3329166769981384,3989882884063232.0,1.5214164268076615e+29,-5.482510536595868e-14
1334303523,MAG,-0.42499998211860657,0.20916666090488434,0.3329166769981384,1.067654440999026e-26,-3.5306072732055327e-06,-1.6290526649204017e+29
1334403523,MAG,-0.42499998211860657,0.22558332979679108,0.33041664958000183,14471716.0,nan,-1.2804757673035123e-24
1334503523,MAG,-0.4345833361148834,0.2420833259820938,0.3308333158493042,-28875606016.0,2913976933416960.0,-0.0004430764529388398
1334603523,MAG,-0.4272499978542328,0.2605833411216736,0.3372499942779541,-5.856828093374704e-21,-2948128571392.0,44.606285095214844
1334703523,MAG,-0.42766666412353516,0.2666666507720947,0.3345833420753479,-5646591.5,3.0503801633400776e+27,3.6096732954881154e-29
1334803523,MAG,-0.42624998092651367,0.281416654586792,0.335833340883255,-7.449113464108717e-17,-1.604299783706665,-821917288235008.0
1334903523,MAG,-0.43016666173934937,0.2918333411216736,0.3179166615009308,-2.858230359495075e-16,-32584249638912.0,1.4326586099892393e-26
1335003523,MAG,-0.43933331966400146,0.3016666769981384,0.3255833387374878,-2.6206696439283712e+17,-3.467039953796308e+25,6.992654577761592e-36
1335103523,MAG,-0.4345833361148834,0.30291667580604553,0.31183332204818726,-1.5469175690830533e-13,7.781116063799652e+33,5.398316793581159e-10
1335203523,MAG,-0.43291667103767395,0.3168333172798157,0.32225000858306885,-27.297666549682617,5.361875832221585e-09,1.7199202994953528e-24
1335303523,MAG,-0.4272499978542328,0.3205833435058594,0.3268333375453949,-1.0626061411419278e-34,-4.977190187771541e-11,9.17345076467155e-21
1335403523,MAG,-0.42766666412353516,0.3205833435058594,0.3226666748523712,-1.5914407650529286e-37,-1.1733498465353728e+16,-6.728005149123482e-27
1335503523,MAG,-0.44058331847190857,0.3239166736602783,0.320416659116745,-1.1074959662759098e-19,-2.4211643903981894e-05,3.853205291048326e-24
1335603523,MAG,-0.43291667103767395,0.3293333351612091,0.32641667127609253,-5.746379254447959e-19,-228389348704256.0,1.4626697282085267e-16
1335703523,MAG,-0.42499998211860657,0.3383333384990692,0.3295833170413971,1199674.375,1.3068947480078437e+25,4793211813888.0
1335803523,MAG,-0.4180833399295807,0.34833332896232605,0.33041664958000183,-1.047490513883531e-06,-3.0078950863231194e+29,1.3577632375260297e-36
1335903523,MAG,-0.41475000977516174,0.37541666626930237,0.3466666638851166,23.980247497558594,993475797450752.0,-3.992065789049093e-09
1336003523,MAG,-0.40308332443237305,0.38333332538604736,0.3487499952316284,902101991424.0,-2.1550778836914114e-20,7.855136354741055e-13
1336103523,MAG,-0.398333340883255,0.40308332443237305,0.3620833158493042,2.4227875057486004e+19,2.082113041979028e-07,2.55233965351847e+22
1336203523,MAG,-0.3824999928474426,0.41999998688697815,0.359333336353302,1.1100254459378428e+25,-271106908880896.0,3.2637436228524782e-25
1336303523,MAG,-0.3725000023841858,0.4259999990463257,0.3739166557788849,-2.224044669613719e+23,1.8686178255041318e-37,1022737.0625
1336403523,MAG,-0.3604166507720947,0.43308332562446594,0.38975000381469727,4.968542550373133e-19,-59328589463552.0,-0.0019977858755737543
1336503523,MAG,-0.34291666746139526,0.4437499940395355,0.39249998331069946,-5393.26416015625,-2.779582786752156e+28,-1.6189080724871019e-06
1336603523,MAG,-0.33250001072883606,0.45541664958000183,0.4087499976158142,3.689690113067627,0.6188635230064392,3.00053046728065e+17
1336703523,MAG,-0.312666654586792,0.4568333327770233,0.4112499952316284,211.02134704589844,1.6825156518715508e+25,-2.713288495215238e-06
1336803523,MAG,-0.3139166533946991,0.4622499942779541,0.4189166724681854,110519566336.0,562484346880.0,-6.976257586827889e+33
1336903523,MAG,-0.3187499940395355,0.45499998331069946,0.4137499928474426,6.421504933936187e+26,-3.576972363596685e-14,1.0225062296009035e-31
1337003523,MAG,-0.32124999165534973,0.45541664958000183,0.4129166603088379,-57.37968063354492,6.091388554276576e+28,-0.011001649312675
1337103523,MAG,-0.32249999046325684,0.4558333158493042,0.40833333134651184,3.060818437941627e+25,2.2593647786006699e-10,2.3412407562980367e-24
1337203523,MAG,-0.32124999165534973,0.45249998569488525,0.4079166650772095,5839.31884765625,2.161291359002076e+20,1.349910849768321e-09
1337303523,MAG,-0.31183332204818726,0.4541666507720947,0.41208332777023315,-3.4342030219612095e-29,-6.83380279801889e-26,-2.7930112787333356e+20
1337403523,MAG,-0.31833332777023315,0.4593333303928375,0.41208332777023315,2.2597511972032234e+35,1.3854555523662437e-11,1.0493744762030133e-09
1337503523,MAG,-0.31958332657814026,0.4597499966621399,0.4079166650772095,-1.4711646816430913e-32,0.00018428738985676318,7.496581554432317e-18
1337603523,MAG,-0.320416659116745,0.44874998927116394,0.4059999883174896,-1.5753408777116618e-12,43708727296.0,1.9609888823879373e-08
1337703523,MAG,-0.31958332657814026,0.45666664838790894,0.40433332324028015,3.0000340503602624e-33,-3.1668258668492313e+38,3.1454380296369667e-27
1337803523,MAG,-0.320416659116745,0.4504166543483734,0.4051666557788849,-40210851168256.0,1.905928611755371,2.967855822211263e-11
1337903523,MAG,-0.3187499940395355,0.44874998927116394,0.4112499952316284,-5.783127668373198e-29,-4.144371785660761e-35,9.094706502071092e-27
1338003523,MAG,-0.3229166567325592,0.45499998331069946,0.4112499952316284,5.85063490165564e-20,-1.6520804913222472e+23,-4.8841718793512024e+36
1338103523,MAG,-0.312666654586792,0.4672499895095825,0.40833333134651184,3.4672427719842626e+31,-7.36239822072666e+35,1.1046498187338739e-19
1338203523,MAG,-0.2993333339691162,0.46183332800865173,0.4233333170413971,4.4164780339805976e-13,5.188900485951652e+17,1.894994165683058e-32
1338303523,MAG,-0.27433332800865173,0.4672499895095825,0.4449999928474426,-9.158222240347478e-22,-4.7534251287930626e+36,57.36771774291992
1338403523,MAG,-0.24975000321865082,0.4659999907016754,0.45916667580604553,-1.3227908396478495e-16,5.914348599117691e+26,-3.9391374055871495e-33
1338503523,MAG,-0.23808333277702332,0.46974998712539673,0.4737499952316284,-1.3560381712568986e+24,0.00011033543705707416,7.720963154690678e-35
1338603523,MAG,-0.22349999845027924,0.46683332324028015,0.48791664838790894,-133250.0,-2.711484633419423e+32,-3.647774686941864e+30
1338703523,MAG,-0.20208333432674408,0.45374998450279236,0.503333330154419,-4.087793801886338e-36,-1.241535868243242e+31,1.8498946153688167e-27
1338803523,MAG,-0.17266666889190674,0.4437499940395355,0.518750011920929,4.383977234910747e+36,1.1706017461548347e+35,-9.633033926093049e-09
1338903523,MAG,-0.14350000023841858,0.4170833230018616,0.5401666760444641,-1.6970943209939015e+33,2.9129487303615413e+22,-1.2403428974110264e+28
1339003523,MAG,-0.12099999934434891,0.37291666865348816,0.5508333444595337,7.760167383617414e-34,-6.689496512279902e-09,-1.4971679007658167e-08
1339103523,MAG,-0.09958333522081375,0.3318333327770233,0.5597500205039978,8.562083642603002e-27,-8.729313744660961e-21,4.865932384399887e-15
1339203523,MAG,-0.09833332896232605,0.2955833375453949,0.5605833530426025,3989882884063232.0,1.5214164268076615e+29,-5.482510536595868e-14
1339303523,MAG,-0.08583333343267441,0.2543333172798157,0.5609999895095825,1.067654440999026e-26,-3.5306072732055327e-06,-1.6290526649204017e+29
1339403523,MAG,-0.07208333164453506,0.23375000059604645,0.5609999895095825,14471716.0,nan,-1.2804757673035123e-24
1339503523,MAG,-0.08016666769981384,0.2083333283662796,0.5630833506584167,-28875606016.0,2913976933416960.0,-0.0004430764529388398
1339603523,MAG,-0.0741666629910469,0.19749999046325684,0.5584999918937683,-5.856828093374704e-21,-2948128571392.0,44.606285095214844
1339703523,MAG,-0.0780833289027214,0.21850000321865082,0.5645833015441895,-5646591.5,3.0503801633400776e+27,3.6096732954881154e-29
1339803523,MAG,-0.1145833358168602,0.22308333218097687,0.562666654586792,-7.449113464108717e-17,-1.604299783706665,-821917288235008.0
1339903523,MAG,-0.11041666567325592,0.22308333218097687,0.5641666650772095,-2.858230359495075e-16,-32584249638912.0,1.4326586099892393e-26
1340003523,MAG,-0.11041666567325592,0.2251666635274887,0.5609999895095825,-2.6206696439283712e+17,-3.467039953796308e+25,6.992654577761592e-36
1340103523,MAG,-0.1133333295583725,0.21850000321865082,0.5568333268165588,-1.5469175690830533e-13,7.781116063799652e+33,5.398316793581159e-10
1340203523,MAG,-0.11291666328907013,0.2214166671037674,0.5572500228881836,-27.297666549682617,5.361875832221585e-09,1.7199202994953528e-24
1340303523,MAG,-0.10849999636411667,0.2214166671037674,0.5576666593551636,-1.0626061411419278e-34,-4.977190187771541e-11,9.17345076467155e-21
1340403523,MAG,-0.1120833307504654,0.2172500044107437,0.5545833110809326,-1.5914407650529286e-37,-1.1733498465353728e+16,-6.728005149123482e-27
1340503523,MAG,-0.10999999940395355,0.21975000202655792,0.5601666569709778,-1.1074959662759098e-19,-2.4211643903981894e-05,3.853205291048326e-24
1340603523,MAG,-0.10891666263341904,0.2291666716337204,0.5554166436195374,-5.746379254447959e-19,-228389348704256.0,1.4626697282085267e-16
1340703523,MAG,-0.1133333295583725,0.22724999487400055,0.562666654586792,1199674.375,1.3068947480078437e+25,4793211813888.0
1340803523,MAG,-0.10350000113248825,0.2251666635274887,0.5637499690055847,-1.047490513883531e-06,-3.0078950863231194e+29,1.3577632375260297e-36
1340903523,MAG,-0.10974999517202377,0.22874999046325684,0.5649999976158142,23.980247497558594,993475797450752.0,-3.992065789049093e-09
1341003523,MAG,-0.10641666501760483,0.22100000083446503,0.5641666650772095,902101991424.0,-2.1550778836914114e-20,7.855136354741055e-13
1341103523,MAG,-0.10766666382551193,0.22766666114330292,0.5597500205039978,2.4227875057486004e+19,2.082113041979028e-07,2.55233965351847e+22
1341203523,MAG,-0.1120833307504654,0.22958333790302277,0.5580833554267883,1.1100254459378428e+25,-271106908880896.0,3.2637436228524782e-25
1341303523,MAG,-0.1093333289027214,0.25683334469795227,0.5597500205039978,-2.224044669613719e+23,1.8686178255041318e-37,1022737.0625
1341403523,MAG,-0.10208333283662796,0.26225000619888306,0.5630833506584167,4.968542550373133e-19,-59328589463552.0,-0.0019977858755737543
1341503523,MAG,-0.10641666501760483,0.26583331823349,0.5695833563804626,-5393.26416015625,-2.779582786752156e+28,-1.6189080724871019e-06
1341603523,MAG,-0.10891666263341904,0.27541667222976685,0.5537499785423279,3.689690113067627,0.6188635230064392,3.00053046728065e+17
1341703523,MAG,-0.09916666895151138,0.2809999883174896,0.5641666650772095,211.02134704589844,1.6825156518715508e+25,-2.713288495215238e-06
1341803523,MAG,-0.10125000029802322,0.2851666510105133,0.5641666650772095,110519566336.0,562484346880.0,-6.976257586827889e+33
1341903523,MAG,-0.1029166653752327,0.2795833349227905,0.5618333220481873,6.421504933936187e+26,-3.576972363596685e-14,1.0225062296009035e-31
1342003523,MAG,-0.09791666269302368,0.26791664958000183,0.5637499690055847,-57.37968063354492,6.091388554276576e+28,-0.011001649312675
1342103523,MAG,-0.09266666322946548,0.2758333384990692,0.5718333125114441,3.060818437941627e+25,2.2593647786006699e-10,2.3412407562980367e-24
1342203523,MAG,-0.09791666269302368,0.2720833420753479,0.5687499642372131,5839.31884765625,2.161291359002076e+20,1.349910849768321e-09
1342303523,MAG,-0.09475000202655792,0.2750000059604645,0.5662499666213989,-3.4342030219612095e-29,-6.83380279801889e-26,-2.7930112787333356e+20
1342403523,MAG,-0.10041666775941849,0.2800000011920929,0.562666654586792,2.2597511972032234e+35,1.3854555523662437e-11,1.0493744762030133e-09
1342503523,MAG,-0.11124999821186066,0.27166667580604553,0.5641666650772095,-1.4711646816430913e-32,0.00018428738985676318,7.496581554432317e-18
1342603523,MAG,-0.1029166653752327,0.2745833396911621,0.5580833554267883,-1.5753408777116618e-12,43708727296.0,1.9609888823879373e-08
1342703523,MAG,-0.10166666656732559,0.27541667222976685,0.5637499690055847,3.0000340503602624e-33,-3.1668258668492313e+38,3.1454380296369667e-27
1342803523,MAG,-0.10558333247900009,0.2762500047683716,0.5649999976158142,-40210851168256.0,1.905928611755371,2.967855822211263e-11
1342903523,MAG,-0.10125000029802322,0.2770833373069763,0.5654166340827942,-5.783127668373198e-29,-4.144371785660761e-35,9.094706502071092e-27
1343003523,MAG,-0.10249999910593033,0.2670833170413971,0.5529166460037231,5.85063490165564e-20,-1.6520804913222472e+23,-4.8841718793512024e+36
1343103523,MAG,-0.10433333367109299,0.24166665971279144,0.562250018119812,3.4672427719842626e+31,-7.36239822072666e+35,1.1046498187338739e-19
1343203523,MAG,-0.10391666740179062,0.19624999165534973,0.5537499785423279,4.4164780339805976e-13,5.188900485951652e+17,1.894994165683058e-32
1343303523,MAG,-0.09600000083446503,0.14558333158493042,0.5430833101272583,-9.158222240347478e-22,-4.7534251287930626e+36,57.36771774291992
1343403523,MAG,-0.08666666597127914,0.09166666865348816,0.5260000228881836,-1.3227908396478495e-16,5.914348599117691e+26,-3.9391374055871495e-33
1343503523,MAG,-0.07499999552965164,0.03933333232998848,0.4925000071525574,-1.3560381712568986e+24,0.00011033543705707416,7.720963154690678e-35
1343603523,MAG,-0.026000000536441803,-0.029999999329447746,0.45875000953674316,-133250.0,-2.711484633419423e+32,-3.647774686941864e+30
1343703523,MAG,0.028083333745598793,-0.07058333605527878,0.43183332681655884,-4.087793801886338e-36,-1.241535868243242e+31,1.8498946153688167e-27
1343803523,MAG,0.05183333158493042,-0.07391666620969772,0.3933333158493042,4.383977234910747e+36,1.1706017461548347e+35,-9.633033926093049e-09
1343903523,MAG,0.08266666531562805,-0.10599999874830246,0.3141666650772095,-1.6970943209939015e+33,2.9129487303615413e+22,-1.2403428974110264e+28
1344003523,MAG,0.14641666412353516,-0.12183333188295364,0.2305833250284195,7.760167383617414e-34,-6.689496512279902e-09,-1.4971679007658167e-08
1344103523,MAG,0.22183333337306976,-0.1068333312869072,0.12058333307504654,8.562083642603002e-27,-8.729313744660961e-21,4.865932384399887e-15
1344203523,MAG,0.2529166638851166,-0.07516666501760483,0.022499999031424522,3989882884063232.0,1.5214164268076615e+29,-5.482510536595868e-14
1344303523,MAG,0.2514166533946991,-0.06333333253860474,-0.02433333359658718,1.067654440999026e-26,-3.5306072732055327e-06,-1.6290526649204017e+29
1344403523,MAG,0.288916677236557,-0.03933333232998848,-0.038333334028720856,14471716.0,nan,-1.2804757673035123e-24
1344503523,MAG,0.31433331966400146,-0.011416666209697723,-0.04600000008940697,-28875606016.0,2913976933416960.0,-0.0004430764529388398
1344603523,MAG,0.30541667342185974,0.007666666526347399,-0.0949999988079071,-5.856828093374704e-21,-2948128571392.0,44.606285095214844
1344703523,MAG,0.33041664958000183,0.07058333605527878,-0.10183332860469818,-5646591.5,3.0503801633400776e+27,3.6096732954881154e-29
1344803523,MAG,0.3372499942779541,0.07850000262260437,-0.08683333545923233,-7.449113464108717e-17,-1.604299783706665,-821917288235008.0
1344903523,MAG,0.33541667461395264,0.06291666626930237,-0.08641666918992996,-2.858230359495075e-16,-32584249638912.0,1.4326586099892393e-26
1345003523,MAG,0.32641667127609253,0.06458333134651184,-0.0872500017285347,-2.6206696439283712e+17,-3.467039953796308e+25,6.992654577761592e-36
1345103526,MAG,0.33541667461395264,0.0925000011920929,-0.0872500017285347,-1.5469175690830533e-13,7.781116063799652e+33,5.398316793581159e-10
1345203523,MAG,0.3345833420753479,0.09208333492279053,-0.09458333253860474,-27.297666549682617,5.361875832221585e-09,1.7199202994953528e-24
1345303523,MAG,0.34974998235702515,0.10558333247900009,-0.09833332896232605,-1.0626061411419278e-34,-4.977190187771541e-11,9.17345076467155e-21
1345403523,MAG,0.351416677236557,0.10041666775941849,-0.0885000005364418,-1.5914407650529286e-37,-1.1733498465353728e+16,-6.728005149123482e-27
1345503523,MAG,0.351416677236557,0.11100000143051147,-0.10266666859388351,-1.1074959662759098e-19,-2.4211643903981894e-05,3.853205291048326e-24
1345603523,MAG,0.36124998331069946,0.125,-0.1133333295583725,-5.746379254447959e-19,-228389348704256.0,1.4626697282085267e-16
1345703523,MAG,0.3518333435058594,0.11891666799783707,-0.10225000232458115,1199674.375,1.3068947480078437e+25,4793211813888.0
1345803523,MAG,0.3591666519641876,0.12541666626930237,-0.10558333247900009,-1.047490513883531e-06,-3.0078950863231194e+29,1.3577632375260297e-36
1345903523,MAG,0.3554166555404663,0.14433333277702332,-0.11249999701976776,23.980247497558594,993475797450752.0,-3.992065789049093e-09
1346003523,MAG,0.36516666412353516,0.19499999284744263,-0.11808333545923233,902101991424.0,-2.1550778836914114e-20,7.855136354741055e-13
1346103523,MAG,0.367249995470047,0.22833332419395447,-0.13208332657814026,2.4227875057486004e+19,2.082113041979028e-07,2.55233965351847e+22
1346203523,MAG,0.3659999966621399,0.20250000059604645,-0.12058333307504654,1.1100254459378428e+25,-271106908880896.0,3.2637436228524782e-25
1346303523,MAG,0.3604166507720947,0.21266666054725647,-0.12916666269302368,-2.224044669613719e+23,1.8686178255041318e-37,1022737.0625
1346403523,MAG,0.35475000739097595,0.2593333423137665,-0.1445833295583725,4.968542550373133e-19,-59328589463552.0,-0.0019977858755737543
1346503523,MAG,0.33641666173934937,0.29475000500679016,-0.1693333387374878,-5393.26416015625,-2.779582786752156e+28,-1.6189080724871019e-06
1346603523,MAG,0.3487499952316284,0.2995833158493042,-0.14249999821186066,3.689690113067627,0.6188635230064392,3.00053046728065e+17
1346703523,MAG,0.3618333339691162,0.29475000500679016,-0.1380833387374878,211.02134704589844,1.6825156518715508e+25,-2.713288495215238e-06
1346803523,MAG,0.3655833303928375,0.29100000858306885,-0.12541666626930237,110519566336.0,562484346880.0,-6.976257586827889e+33
1346903523,MAG,0.3643333315849304,0.2914166748523712,-0.13124999403953552,6.421504933936187e+26,-3.576972363596685e-14,1.0225062296009035e-31
1347003523,MAG,0.36166664958000183,0.29516667127609253,-0.12666666507720947,-57.37968063354492,6.091388554276576e+28,-0.011001649312675
1347103523,MAG,0.3570833206176758,0.2876666784286499,-0.13391666114330292,3.060818437941627e+25,2.2593647786006699e-10,2.3412407562980367e-24
1347203523,MAG,0.3543333411216736,0.27166667580604553,-0.13724999129772186,5839.31884765625,2.161291359002076e+20,1.349910849768321e-09
1347303523,MAG,0.3695833384990692,0.23916666209697723,-0.13308332860469818,-3.4342030219612095e-29,-6.83380279801889e-26,-2.7930112787333356e+20
1347403523,MAG,0.36391666531562805,0.25224998593330383,-0.1393333375453949,2.2597511972032234e+35,1.3854555523662437e-11,1.0493744762030133e-09
1347503523,MAG,0.3604166507720947,0.26583331823349,-0.1420833319425583,-1.4711646816430913e-32,0.00018428738985676318,7.496581554432317e-18
1347603523,MAG,0.3630833327770233,0.27166667580604553,-0.13850000500679016,-1.5753408777116618e-12,43708727296.0,1.9609888823879373e-08
1347703523,MAG,0.3591666519641876,0.27791666984558105,-0.1355833262205124,3.0000340503602624e-33,-3.1668258668492313e+38,3.1454380296369667e-27
1347803523,MAG,0.3566666543483734,0.2737500071525574,-0.13766667246818542,-40210851168256.0,1.905928611755371,2.967855822211263e-11
1347903523,MAG,0.3591666519641876,0.26499998569488525,-0.13516665995121002,-5.783127668373198e-29,-4.144371785660761e-35,9.094706502071092e-27
1348003523,MAG,0.36124998331069946,0.26374998688697815,-0.1368333250284195,5.85063490165564e-20,-1.6520804913222472e+23,-4.8841718793512024e+36
1348103523,MAG,0.3604166507720947,0.26225000619888306,-0.1445833295583725,3.4672427719842626e+31,-7.36239822072666e+35,1.1046498187338739e-19
1348203523,MAG,0.3630833327770233,0.27541667222976685,-0.13891667127609253,4.4164780339805976e-13,5.188900485951652e+17,1.894994165683058e-32
1348303523,MAG,0.3493333160877228,0.26749998331069946,-0.1355833262205124,-9.158222240347478e-22,-4.7534251287930626e+36,57.36771774291992
1348403523,MAG,0.3643333315849304,0.25683334469795227,-0.13724999129772186,-1.3227908396478495e-16,5.914348599117691e+26,-3.9391374055871495e-33
1348503523,MAG,0.3630833327770233,0.2485000044107437,-0.12058333307504654,-1.3560381712568986e+24,0.00011033543705707416,7.720963154690678e-35
1348603523,MAG,0.36266666650772095,0.24124999344348907,-0.12541666626930237,-133250.0,-2.711484633419423e+32,-3.647774686941864e+30
1348703523,MAG,0.3643333315849304,0.25308331847190857,-0.12099999934434891,-4.087793801886338e-36,-1.241535868243242e+31,1.8498946153688167e-27
1348803523,MAG,0.36266666650772095,0.25058332085609436,-0.12349999696016312,4.383977234910747e+36,1.1706017461548347e+35,-9.633033926093049e-09
1348903523,MAG,0.36641666293144226,0.24766665697097778,-0.12833333015441895,-1.6970943209939015e+33,2.9129487303615413e+22,-1.2403428974110264e+28
1349003523,MAG,0.35999998450279236,0.25183331966400146,-0.12391666322946548,7.760167383617414e-34,-6.689496512279902e-09,-1.4971679007658167e-08
1349103523,MAG,0.3643333315849304,0.25224998593330383,-0.12708333134651184,8.562083642603002e-27,-8.729313744660961e-21,4.865932384399887e-15
1349203523,MAG,0.3566666543483734,0.24808332324028015,-0.13433332741260529,3989882884063232.0,1.5214164268076615e+29,-5.482510536595868e-14
1349303523,MAG,0.36166664958000183,0.23125000298023224,-0.12474999576807022,1.067654440999026e-26,-3.5306072732055327e-06,-1.6290526649204017e+29
1349403523,MAG,0.367249995470047,0.2383333295583725,-0.1262499988079071,14471716.0,nan,-1.2804757673035123e-24
1349503523,MAG,0.37041667103767395,0.23666666448116302,-0.12391666322946548,-28875606016.0,2913976933416960.0,-0.0004430764529388398
1349603523,MAG,0.35999998450279236,0.23499999940395355,-0.12583333253860474,-5.856828093374704e-21,-2948128571392.0,44.606285095214844
1349703523,MAG,0.3604166507720947,0.2485000044107437,-0.12058333307504654,-5646591.5,3.0503801633400776e+27,3.6096732954881154e-29
1349803523,MAG,0.36124998331069946,0.25099998712539673,-0.1287499964237213,-7.449113464108717e-17,-1.604299783706665,-821917288235008.0
1349903523,MAG,0.3700000047683716,0.23208333551883698,-0.12266666442155838,-2.858230359495075e-16,-32584249638912.0,1.4326586099892393e-26
1350003523,MAG,0.36683332920074463,0.24041666090488434,-0.11808333545923233,-2.6206696439283712e+17,-3.467039953796308e+25,6.992654577761592e-36
1350103523,MAG,0.36166664958000183,0.24249999225139618,-0.11416666209697723,-1.5469175690830533e-13,7.781116063799652e+33,5.398316793581159e-10
1350203523,MAG,0.36266666650772095,0.24291665852069855,-0.11891666799783707,-27.297666549682617,5.361875832221585e-09,1.7199202994953528e-24
1350303523,MAG,0.367249995470047,0.2383333295583725,-0.12224999815225601,-1.0626061411419278e-34,-4.977190187771541e-11,9.17345076467155e-21
1350403523,MAG,0.3643333315849304,0.24291665852069855,-0.12916666269302368,-1.5914407650529286e-37,-1.1733498465353728e+16,-6.728005149123482e-27
1350503523,MAG,0.3643333315849304,0.25183331966400146,-0.12016666680574417,-1.1074959662759098e-19,-2.4211643903981894e-05,3.853205291048326e-24
1350603523,MAG,0.36266666650772095,0.2593333423137665,-0.1304166615009308,-5.746379254447959e-19,-228389348704256.0,1.4626697282085267e-16
1350703523,MAG,0.3618333339691162,0.2670833170413971,-0.12958332896232605,1199674.375,1.3068947480078437e+25,4793211813888.0
1350803523,MAG,0.3643333315849304,0.2758333384990692,-0.12791666388511658,-1.047490513883531e-06,-3.0078950863231194e+29,1.3577632375260297e-36
1350903523,MAG,0.3643333315849304,0.28599998354911804,-0.13124999403953552,23.980247497558594,993475797450752.0,-3.992065789049093e-09
1351003523,MAG,0.36916667222976685,0.2737500071525574,-0.13391666114330292,902101991424.0,-2.1550778836914114e-20,7.855136354741055e-13
1351103523,MAG,0.3659999966621399,0.2775000035762787,-0.1304166615009308,2.4227875057486004e+19,2.082113041979028e-07,2.55233965351847e+22
1351203523,MAG,0.3608333170413971,0.27666667103767395,-0.13391666114330292,1.1100254459378428e+25,-271106908880896.0,3.2637436228524782e-25
1351303523,MAG,0.36766666173934937,0.2783333361148834,-0.13391666114330292,-2.224044669613719e+23,1.8686178255041318e-37,1022737.0625
1351403523,MAG,0.36916667222976685,0.2708333432674408,-0.12433332949876785,4.968542550373133e-19,-59328589463552.0,-0.0019977858755737543
1351503523,MAG,0.36124998331069946,0.28349998593330383,-0.13249999284744263,-5393.26416015625,-2.779582786752156e+28,-1.6189080724871019e-06
1351603523,MAG,0.3608333170413971,0.2826666533946991,-0.13850000500679016,3.689690113067627,0.6188635230064392,3.00053046728065e+17
1351703523,MAG,0.35350000858306885,0.2750000059604645,-0.13516665995121002,211.02134704589844,1.6825156518715508e+25,-2.713288495215238e-06
1351803523,MAG,0.35958331823349,0.2601666748523712,-0.13975000381469727,110519566336.0,562484346880.0,-6.976257586827889e+33
1351903523,MAG,0.3659999966621399,0.25308331847190857,-0.12433332949876785,6.421504933936187e+26,-3.576972363596685e-14,1.0225062296009035e-31
1352003523,MAG,0.36266666650772095,0.24500000476837158,-0.12474999576807022,-57.37968063354492,6.091388554276576e+28,-0.011001649312675
1352103523,MAG,0.367249995470047,0.23666666448116302,-0.13208332657814026,3.060818437941627e+25,2.2593647786006699e-10,2.3412407562980367e-24
1352203523,MAG,0.35958331823349,0.22183333337306976,-0.13308332860469818,5839.31884765625,2.161291359002076e+20,1.349910849768321e-09
1352303523,MAG,0.3551666736602783,0.20624999701976776,-0.12791666388511658,-3.4342030219612095e-29,-6.83380279801889e-26,-2.7930112787333356e+20
1352403523,MAG,0.3608333170413971,0.20000000298023224,-0.13516665995121002,2.2597511972032234e+35,1.3854555523662437e-11,1.0493744762030133e-09
1352503523,MAG,0.34458333253860474,0.19058333337306976,-0.14166666567325592,-1.4711646816430913e-32,0.00018428738985676318,7.496581554432317e-18
1352603523,MAG,0.3449999988079071,0.17808333039283752,-0.14016667008399963,-1.5753408777116618e-12,43708727296.0,1.9609888823879373e-08
1352703523,MAG,0.34583333134651184,0.16374999284744263,-0.1483333259820938,3.0000340503602624e-33,-3.1668258668492313e+38,3.1454380296369667e-27
1352803523,MAG,0.33541667461395264,0.1629166603088379,-0.1574999988079071,-40210851168256.0,1.905928611755371,2.967855822211263e-11
1352903526,MAG,0.32083332538604736,0.15183332562446594,-0.16641665995121002,-5.783127668373198e-29,-4.144371785660761e-35,9.094706502071092e-27
1353003523,MAG,0.31349998712539673,0.14891666173934937,-0.18058332800865173,5.85063490165564e-20,-1.6520804913222472e+23,-4.8841718793512024e+36
1353103523,MAG,0.3164166510105133,0.1341666579246521,-0.171833336353302,3.4672427719842626e+31,-7.36239822072666e+35,1.1046498187338739e-19
1353203523,MAG,0.30916666984558105,0.13333332538604736,-0.17666666209697723,4.4164780339805976e-13,5.188900485951652e+17,1.894994165683058e-32
1353303523,MAG,0.30541667342185974,0.12833333015441895,-0.1887499988079071,-9.158222240347478e-22,-4.7534251287930626e+36,57.36771774291992
1353403523,MAG,0.30375000834465027,0.1354166716337204,-0.20541666448116302,-1.3227908396478495e-16,5.914348599117691e+26,-3.9391374055871495e-33
1353503523,MAG,0.2905833423137665,0.1576666682958603,-0.21141666173934937,-1.3560381712568986e+24,0.00011033543705707416,7.720963154690678e-35
1353603523,MAG,0.28850001096725464,0.17766666412353516,-0.22974999248981476,-133250.0,-2.711484633419423e+32,-3.647774686941864e+30
1353703523,MAG,0.2704166769981384,0.17766666412353516,-0.23624999821186066,-4.087793801886338e-36,-1.241535868243242e+31,1.8498946153688167e-27
1353803523,MAG,0.2691666781902313,0.15600000321865082,-0.2408333271741867,4.383977234910747e+36,1.1706017461548347e+35,-9.633033926093049e-09
1353903523,MAG,0.25850000977516174,0.1068333312869072,-0.22808332741260529,-1.6970943209939015e+33,2.9129487303615413e+22,-1.2403428974110264e+28
1354003523,MAG,0.24333332479000092,0.05999999865889549,-0.20016665756702423,7.760167383617414e-34,-6.689496512279902e-09,-1.4971679007658167e-08
1354103523,MAG,0.2554166615009308,0.06750000268220901,-0.20791666209697723,8.562083642603002e-27,-8.729313744660961e-21,4.865932384399887e-15
1354203523,MAG,0.2549999952316284,0.07433333247900009,-0.21516665816307068,3989882884063232.0,1.5214164268076615e+29,-5.482510536595868e-14
1354303523,MAG,0.24541667103767395,0.07308333367109299,-0.2224999964237213,1.067654440999026e-26,-3.5306072732055327e-06,-1.6290526649204017e+29
1354403523,MAG,0.250166654586792,0.07391666620969772,-0.21850000321865082,14471716.0,nan,-1.2804757673035123e-24
1354503523,MAG,0.2529166638851166,0.07183333486318588,-0.21516665816307068,-28875606016.0,2913976933416960.0,-0.0004430764529388398
1354603523,MAG,0.2514166533946991,0.0755833312869072,-0.21808333694934845,-5.856828093374704e-21,-2948128571392.0,44.606285095214844
1354703523,MAG,0.24808332324028015,0.07058333605527878,-0.2045833319425583,-5646591.5,3.0503801633400776e+27,3.6096732954881154e-29
1354803523,MAG,0.24541667103767395,0.06791666895151138,-0.21641665697097778,-7.449113464108717e-17,-1.604299783706665,-821917288235008.0
1354903523,MAG,0.24500000476837158,0.06916666775941849,-0.2122499942779541,-2.858230359495075e-16,-32584249638912.0,1.4326586099892393e-26
1355003523,MAG,0.24641665816307068,0.06583333015441895,-0.21641665697097778,-2.6206696439283712e+17,-3.467039953796308e+25,6.992654577761592e-36
1355103523,MAG,0.24333332479000092,0.05708333104848862,-0.21266666054725647,-1.5469175690830533e-13,7.781116063799652e+33,5.398316793581159e-10
1355203523,MAG,0.2330833375453949,0.057500001043081284,-0.21391665935516357,-27.297666549682617,5.361875832221585e-09,1.7199202994953528e-24
1355303523,MAG,0.2408333271741867,0.06041666492819786,-0.21683333814144135,-1.0626061411419278e-34,-4.977190187771541e-11,9.17345076467155e-21
1355403523,MAG,0.24041666090488434,0.05141666531562805,-0.2005833238363266,-1.5914407650529286e-37,-1.1733498465353728e+16,-6.728005149123482e-27
1355503523,MAG,0.234333336353302,0.04349999874830246,-0.20225000381469727,-1.1074959662759098e-19,-2.4211643903981894e-05,3.853205291048326e-24
1355603523,MAG,0.24333332479000092,0.052666667848825455,-0.19974999129772186,-5.746379254447959e-19,-228389348704256.0,1.4626697282085267e-16
1355703523,MAG,0.23808333277702332,0.040166664868593216,-0.20141667127609253,1199674.375,1.3068947480078437e+25,4793211813888.0
1355803523,MAG,0.2316666692495346,0.03333333134651184,-0.20266667008399963,-1.047490513883531e-06,-3.0078950863231194e+29,1.3577632375260297e-36
1355903523,MAG,0.23350000381469727,0.040583331137895584,-0.20749999582767487,23.980247497558594,993475797450752.0,-3.992065789049093e-09
1356003523,MAG,0.23475000262260437,0.04266666620969772,-0.19974999129772186,902101991424.0,-2.1550778836914114e-20,7.855136354741055e-13
1356103523,MAG,0.234333336353302,0.0455833338201046,-0.20791666209697723,2.4227875057486004e+19,2.082113041979028e-07,2.55233965351847e+22
1356203523,MAG,0.23000000417232513,0.046416666358709335,-0.20266667008399963,1.1100254459378428e+25,-271106908880896.0,3.2637436228524782e-25
1356303523,MAG,0.23849999904632568,0.04891666769981384,-0.20666666328907013,-2.224044669613719e+23,1.8686178255041318e-37,1022737.0625
1356403523,MAG,0.24166665971279144,0.05141666531562805,-0.20874999463558197,4.968542550373133e-19,-59328589463552.0,-0.0019977858755737543
1356503523,MAG,0.24500000476837158,0.07225000113248825,-0.2212499976158142,-5393.26416015625,-2.779582786752156e+28,-1.6189080724871019e-06
1356603523,MAG,0.2395833283662796,0.07266666740179062,-0.23541666567325592,3.689690113067627,0.6188635230064392,3.00053046728065e+17
1356703523,MAG,0.2316666692495346,0.061666667461395264,-0.22849999368190765,211.02134704589844,1.6825156518715508e+25,-2.713288495215238e-06
1356803523,MAG,0.2016666680574417,0.04475000128149986,-0.23999999463558197,110519566336.0,562484346880.0,-6.976257586827889e+33
1356903523,MAG,0.18958333134651184,0.034166667610406876,-0.2318333238363266,6.421504933936187e+26,-3.576972363596685e-14,1.0225062296009035e-31
1357003523,MAG,0.18683333694934845,0.042249999940395355,-0.2485000044107437,-57.37968063354492,6.091388554276576e+28,-0.011001649312675
1357103523,MAG,0.1860000044107437,0.04766666516661644,-0.2485000044107437,3.060818437941627e+25,2.2593647786006699e-10,2.3412407562980367e-24
1357203523,MAG,0.16625000536441803,0.05016666650772095,-0.25850000977516174,5839.31884765625,2.161291359002076e+20,1.349910849768321e-09
1357303523,MAG,0.14874999225139618,0.055416665971279144,-0.27933332324028015,-3.4342030219612095e-29,-6.83380279801889e-26,-2.7930112787333356e+20
1357403523,MAG,0.14808332920074463,0.06750000268220901,-0.29516667127609253,2.2597511972032234e+35,1.3854555523662437e-11,1.0493744762030133e-09
1357503523,MAG,0.13474999368190765,0.08308333158493042,-0.29749998450279236,-1.4711646816430913e-32,0.00018428738985676318,7.496581554432317e-18
1357603523,MAG,0.12266666442155838,0.07391666620969772,-0.30933332443237305,-1.5753408777116618e-12,43708727296.0,1.9609888823879373e-08
1357703523,MAG,0.10516666620969772,0.07433333247900009,-0.3166666626930237,3.0000340503602624e-33,-3.1668258668492313e+38,3.1454380296369667e-27
1357803523,MAG,0.08266666531562805,0.09791666269302368,-0.3268333375453949,-40210851168256.0,1.905928611755371,2.967855822211263e-11
1357903523,MAG,0.07766666263341904,0.12266666442155838,-0.33500000834465027,-5.783127668373198e-29,-4.144371785660761e-35,9.094706502071092e-27
1358003523,MAG,0.06683333218097687,0.13374999165534973,-0.3434999883174896,5.85063490165564e-20,-1.6520804913222472e+23,-4.8841718793512024e+36
1358103523,MAG,0.061666667461395264,0.14558333158493042,-0.3551666736602783,3.4672427719842626e+31,-7.36239822072666e+35,1.1046498187338739e-19
1358203523,MAG,0.05224999785423279,0.1587499976158142,-0.35600000619888306,4.4164780339805976e-13,5.188900485951652e+17,1.894994165683058e-32
1358303523,MAG,0.05224999785423279,0.164166659116745,-0.36249998211860657,-9.158222240347478e-22,-4.7534251287930626e+36,57.36771774291992
1358403523,MAG,0.052666667848825455,0.17416666448116302,-0.36666667461395264,-1.3227908396478495e-16,5.914348599117691e+26,-3.9391374055871495e-33
1358503523,MAG,0.04583333432674408,0.18808333575725555,-0.3684999942779541,-1.3560381712568986e+24,0.00011033543705707416,7.720963154690678e-35
1358603523,MAG,0.06891666352748871,0.18641667068004608,-0.3641666769981384,-133250.0,-2.711484633419423e+32,-3.647774686941864e+30
1358703523,MAG,0.07666666805744171,0.17208333313465118,-0.3620833158493042,-4.087793801886338e-36,-1.241535868243242e+31,1.8498946153688167e-27
1358803523,MAG,0.04749999940395355,0.18141666054725647,-0.3684999942779541,4.383977234910747e+36,1.1706017461548347e+35,-9.633033926093049e-09
1358903523,MAG,0.061250001192092896,0.1901666671037674,-0.3684999942779541,-1.6970943209939015e+33,2.9129487303615413e+22,-1.2403428974110264e+28
1359003523,MAG,0.05558333173394203,0.20333333313465118,-0.37308332324028015,7.760167383617414e-34,-6.689496512279902e-09,-1.4971679007658167e-08
1359103523,MAG,0.05999999865889549,0.21141666173934937,-0.36891666054725647,8.562083642603002e-27,-8.729313744660961e-21,4.865932384399887e-15
1359203523,MAG,0.06458333134651184,0.2108333259820938,-0.3726666569709778,3989882884063232.0,1.5214164268076615e+29,-5.482510536595868e-14
1359303523,MAG,0.052666667848825455,0.2614166736602783,-0.375166654586792,1.067654440999026e-26,-3.5306072732055327e-06,-1.6290526649204017e+29
1359403523,MAG,0.05000000074505806,0.28724998235702515,-0.36375001072883606,14471716.0,nan,-1.2804757673035123e-24
1359503523,MAG,0.05183333158493042,0.29641667008399963,-0.36891666054725647,-28875606016.0,2913976933416960.0,-0.0004430764529388398
1359603523,MAG,0.05224999785423279,0.2839166522026062,-0.3714166581630707,-5.856828093374704e-21,-2948128571392.0,44.606285095214844
1359703523,MAG,0.04958333447575569,0.27791666984558105,-0.36933332681655884,-5646591.5,3.0503801633400776e+27,3.6096732954881154e-29
1359803523,MAG,0.052666667848825455,0.2695833444595337,-0.36666667461395264,-7.449113464108717e-17,-1.604299783706665,-821917288235008.0
1359903523,MAG,0.0572500005364418,0.2795833349227905,-0.36666667461395264,-2.858230359495075e-16,-32584249638912.0,1.4326586099892393e-26
1360003523,MAG,0.0716666653752327,0.3218333423137665,-0.35891667008399963,-2.6206696439283712e+17,-3.467039953796308e+25,6.992654577761592e-36
1360103523,MAG,0.07850000262260437,0.3766666650772095,-0.3422499895095825,-1.5469175690830533e-13,7.781116063799652e+33,5.398316793581159e-10
1360203523,MAG,0.08874999731779099,0.4104166626930237,-0.3268333375453949,-27.297666549682617,5.361875832221585e-09,1.7199202994953528e-24
1360303523,MAG,0.11124999821186066,0.4216666519641876,-0.3187499940395355,-1.0626061411419278e-34,-4.977190187771541e-11,9.17345076467155e-21
1360403523,MAG,0.13583333790302277,0.4372499883174896,-0.29516667127609253,-1.5914407650529286e-37,-1.1733498465353728e+16,-6.728005149123482e-27
1360503523,MAG,0.16099999845027924,0.44083333015441895,-0.27933332324028015,-1.1074959662759098e-19,-2.4211643903981894e-05,3.853205291048326e-24
1360603523,MAG,0.18641667068004608,0.4491666555404663,-0.265583336353302,-5.746379254447959e-19,-228389348704256.0,1.4626697282085267e-16
1360703523,MAG,0.1993333250284195,0.4479166567325592,-0.2485000044107437,1199674.375,1.3068947480078437e+25,4793211813888.0
1360803523,MAG,0.22749999165534973,0.44874998927116394,-0.2293333262205124,-1.047490513883531e-06,-3.0078950863231194e+29,1.3577632375260297e-36
1360903523,MAG,0.25099998712539673,0.4651666581630707,-0.19641666114330292,23.980247497558594,993475797450752.0,-3.992065789049093e-09
1361003523,MAG,0.27558332681655884,0.45666664838790894,-0.17374999821186066,902101991424.0,-2.1550778836914114e-20,7.855136354741055e-13
1361103523,MAG,0.31308332085609436,0.4230833351612091,-0.15308332443237305,2.4227875057486004e+19,2.082113041979028e-07,2.55233965351847e+22
1361203523,MAG,0.3397499918937683,0.38624998927116394,-0.12224999815225601,1.1100254459378428e+25,-271106908880896.0,3.2637436228524782e-25
1361303523,MAG,0.3622500002384186,0.33416667580604553,-0.10958333313465118,-2.224044669613719e+23,1.8686178255041318e-37,1022737.0625
1361403523,MAG,0.37041667103767395,0.3149999976158142,-0.1068333312869072,4.968542550373133e-19,-59328589463552.0,-0.0019977858755737543
1361503523,MAG,0.3647499978542328,0.30291667580604553,-0.10999999940395355,-5393.26416015625,-2.779582786752156e+28,-1.6189080724871019e-06
1361603523,MAG,0.36808332800865173,0.28433331847190857,-0.10266666859388351,3.689690113067627,0.6188635230064392,3.00053046728065e+17
1361703523,MAG,0.3801666498184204,0.2564166784286499,-0.08375000208616257,211.02134704589844,1.6825156518715508e+25,-2.713288495215238e-06
1361803523,MAG,0.37974998354911804,0.2459999918937683,-0.0820833295583725,110519566336.0,562484346880.0,-6.976257586827889e+33
1361903523,MAG,0.3737500011920929,0.23250000178813934,-0.10041666775941849,6.421504933936187e+26,-3.576972363596685e-14,1.0225062296009035e-31
1362003523,MAG,0.3725000023841858,0.2304166704416275,-0.11041666567325592,-57.37968063354492,6.091388554276576e+28,-0.011001649312675
1362103523,MAG,0.3733333349227905,0.22183333337306976,-0.11708333343267441,3.060818437941627e+25,2.2593647786006699e-10,2.3412407562980367e-24
1362203523,MAG,0.36391666531562805,0.20999999344348907,-0.1185000017285347,5839.31884765625,2.161291359002076e+20,1.349910849768321e-09
1362303523,MAG,0.3708333373069763,0.21599999070167542,-0.11041666567325592,-3.4342030219612095e-29,-6.83380279801889e-26,-2.7930112787333356e+20
1362403523,MAG,0.3591666519641876,0.25349998474121094,-0.12183333188295364,2.2597511972032234e+35,1.3854555523662437e-11,1.0493744762030133e-09
1362503523,MAG,0.3655833303928375,0.29641667008399963,-0.12541666626930237,-1.4711646816430913e-32,0.00018428738985676318,7.496581554432317e-18
1362603523,MAG,0.35999998450279236,0.3058333396911621,-0.12224999815225601,-1.5753408777116618e-12,43708727296.0,1.9609888823879373e-08
1362703523,MAG,0.36641666293144226,0.27791666984558105,-0.11666666716337204,3.0000340503602624e-33,-3.1668258668492313e+38,3.1454380296369667e-27
1362803523,MAG,0.36766666173934937,0.250166654586792,-0.12308333069086075,-40210851168256.0,1.905928611755371,2.967855822211263e-11
1362903523,MAG,0.36641666293144226,0.2420833259820938,-0.12474999576807022,-5.783127668373198e-29,-4.144371785660761e-35,9.094706502071092e-27
1363003523,MAG,0.37041667103767395,0.23458333313465118,-0.11416666209697723,5.85063490165564e-20,-1.6520804913222472e+23,-4.8841718793512024e+36
1363103523,MAG,0.36516666412353516,0.2383333295583725,-0.12391666322946548,3.4672427719842626e+31,-7.36239822072666e+35,1.1046498187338739e-19
1363203523,MAG,0.36808332800865173,0.23541666567325592,-0.12541666626930237,4.4164780339805976e-13,5.188900485951652e+17,1.894994165683058e-32
1363303523,MAG,0.3687500059604645,0.2329166680574417,-0.1197500005364418,-9.158222240347478e-22,-4.7534251287930626e+36,57.36771774291992
1363403523,MAG,0.36641666293144226,0.23916666209697723,-0.12308333069086075,-1.3227908396478495e-16,5.914348599117691e+26,-3.9391374055871495e-33
1363503523,MAG,0.367249995470047,0.2514166533946991,-0.1158333346247673,-1.3560381712568986e+24,0.00011033543705707416,7.720963154690678e-35
1363603523,MAG,0.3737500011920929,0.21183332800865173,-0.11166666448116302,-133250.0,-2.711484633419423e+32,-3.647774686941864e+30
1363703523,MAG,0.36916667222976685,0.18141666054725647,-0.10041666775941849,-4.087793801886338e-36,-1.241535868243242e+31,1.8498946153688167e-27
1363803523,MAG,0.37683331966400146,0.18016666173934937,-0.10125000029802322,4.383977234910747e+36,1.1706017461548347e+35,-9.633033926093049e-09
1363903523,MAG,0.37724998593330383,0.1991666704416275,-0.10308333486318588,-1.6970943209939015e+33,2.9129487303615413e+22,-1.2403428974110264e+28
1364003523,MAG,0.37599998712539673,0.210999995470047,-0.10558333247900009,7.760167383617414e-34,-6.689496512279902e-09,-1.4971679007658167e-08
1364103523,MAG,0.3801666498184204,0.21766667068004608,-0.0871666669845581,8.562083642603002e-27,-8.729313744660961e-21,4.865932384399887e-15
1364203523,MAG,0.3737500011920929,0.22349999845027924,-0.1158333346247673,3989882884063232.0,1.5214164268076615e+29,-5.482510536595868e-14
1364303523,MAG,0.36516666412353516,0.17766666412353516,-0.12266666442155838,1.067654440999026e-26,-3.5306072732055327e-06,-1.6290526649204017e+29
1364403523,MAG,0.335999995470047,0.1093333289027214,-0.12308333069086075,14471716.0,nan,-1.2804757673035123e-24
1364503523,MAG,0.3164166510105133,0.03849999979138374,-0.1133333295583725,-28875606016.0,2913976933416960.0,-0.0004430764529388398
1364603523,MAG,0.2554166615009308,-0.05583333224058151,-0.07058333605527878,-5.856828093374704e-21,-2948128571392.0,44.606285095214844
1364703523,MAG,0.15041667222976685,-0.15600000321865082,0.006666666828095913,-5646591.5,3.0503801633400776e+27,3.6096732954881154e-29
1364803523,MAG,0.03791666775941849,-0.18141666054725647,0.16599999368190765,-7.449113464108717e-17,-1.604299783706665,-821917288235008.0
1364903523,MAG,-0.05041666701436043,-0.1472499966621399,0.3050000071525574,-2.858230359495075e-16,-32584249638912.0,1.4326586099892393e-26
1365003523,MAG,-0.08308333158493042,-0.09958333522081375,0.382916659116745,-2.6206696439283712e+17,-3.467039953796308e+25,6.992654577761592e-36
1365103523,MAG,-0.1287499964237213,-0.042249999940395355,0.4351666569709778,-1.5469175690830533e-13,7.781116063799652e+33,5.398316793581159e-10
1365203523,MAG,-0.049166664481163025,-0.032499998807907104,0.4659999907016754,-27.297666549682617,5.361875832221585e-09,1.7199202994953528e-24
1365303523,MAG,-0.046666666865348816,0.03125,0.5049999952316284,-1.0626061411419278e-34,-4.977190187771541e-11,9.17345076467155e-21
1365403523,MAG,-0.0793333351612091,0.08516666293144226,0.5426666736602783,-1.5914407650529286e-37,-1.1733498465353728e+16,-6.728005149123482e-27
1365503523,MAG,-0.09058333188295364,0.21391665935516357,0.575166642665863,-1.1074959662759098e-19,-2.4211643903981894e-05,3.853205291048326e-24
1365603523,MAG,-0.08624999970197678,0.21141666173934937,0.5804166793823242,-5.746379254447959e-19,-228389348704256.0,1.4626697282085267e-16
1365703523,MAG,-0.08666666597127914,0.20333333313465118,0.5789166688919067,1199674.375,1.3068947480078437e+25,4793211813888.0
1365803523,MAG,-0.08416666835546494,0.2045833319425583,0.5755833387374878,-1.047490513883531e-06,-3.0078950863231194e+29,1.3577632375260297e-36
1365903523,MAG,-0.08958332985639572,0.2045833319425583,0.5854166746139526,23.980247497558594,993475797450752.0,-3.992065789049093e-09
1366003523,MAG,-0.08583333343267441,0.2045833319425583,0.581250011920929,902101991424.0,-2.1550778836914114e-20,7.855136354741055e-13
1366103523,MAG,-0.08833333104848862,0.20208333432674408,0.5841666460037231,2.4227875057486004e+19,2.082113041979028e-07,2.55233965351847e+22
1366203523,MAG,-0.09224999696016312,0.20416666567325592,0.5734999775886536,1.1100254459378428e+25,-271106908880896.0,3.2637436228524782e-25
1366303523,MAG,-0.09516666829586029,0.2004166692495346,0.5768333077430725,-2.224044669613719e+23,1.8686178255041318e-37,1022737.0625
1366403523,MAG,-0.09349999576807022,0.20624999701976776,0.5824999809265137,4.968542550373133e-19,-59328589463552.0,-0.0019977858755737543
1366503523,MAG,-0.08391666412353516,0.20749999582767487,0.5808333158493042,-5393.26416015625,-2.779582786752156e+28,-1.6189080724871019e-06
1366603523,MAG,-0.09141666442155838,0.20416666567325592,0.578083336353302,3.689690113067627,0.6188635230064392,3.00053046728065e+17
1366703523,MAG,-0.09058333188295364,0.20541666448116302,0.5755833387374878,211.02134704589844,1.6825156518715508e+25,-2.713288495215238e-06
1366803523,MAG,-0.09058333188295364,0.2070833295583725,0.5789166688919067,110519566336.0,562484346880.0,-6.976257586827889e+33
1366903523,MAG,-0.09433333575725555,0.2070833295583725,0.5772500038146973,6.421504933936187e+26,-3.576972363596685e-14,1.0225062296009035e-31
1367003523,MAG,-0.09058333188295364,0.2045833319425583,0.578499972820282,-57.37968063354492,6.091388554276576e+28,-0.011001649312675
1367103523,MAG,-0.08749999850988388,0.20874999463558197,0.5739166736602783,3.060818437941627e+25,2.2593647786006699e-10,2.3412407562980367e-24
1367203523,MAG,-0.09141666442155838,0.20416666567325592,0.5776666402816772,5839.31884765625,2.161291359002076e+20,1.349910849768321e-09
1367303523,MAG,-0.08749999850988388,0.2045833319425583,0.578499972820282,-3.4342030219612095e-29,-6.83380279801889e-26,-2.7930112787333356e+20
1367403523,MAG,-0.09433333575725555,0.20083333551883698,0.5854166746139526,2.2597511972032234e+35,1.3854555523662437e-11,1.0493744762030133e-09
1367503523,MAG,-0.09058333188295364,0.20208333432674408,0.5768333077430725,-1.4711646816430913e-32,0.00018428738985676318,7.496581554432317e-18
1367603523,MAG,-0.09041666239500046,0.19875000417232513,0.5743333101272583,-1.5753408777116618e-12,43708727296.0,1.9609888823879373e-08
1367703523,MAG,-0.08833333104848862,0.20791666209697723,0.575166642665863,3.0000340503602624e-33,-3.1668258668492313e+38,3.1454380296369667e-27
1367803523,MAG,-0.09141666442155838,0.20916666090488434,0.5730833411216736,-40210851168256.0,1.905928611755371,2.967855822211263e-11
1367903523,MAG,-0.08916666358709335,0.2134999930858612,0.5799999833106995,-5.783127668373198e-29,-4.144371785660761e-35,9.094706502071092e-27
1368003523,MAG,-0.09516666829586029,0.21041665971279144,0.5808333158493042,5.85063490165564e-20,-1.6520804913222472e+23,-4.8841718793512024e+36
1368103523,MAG,-0.09475000202655792,0.21183332800865173,0.5764166712760925,3.4672427719842626e+31,-7.36239822072666e+35,1.1046498187338739e-19
1368203523,MAG,-0.09041666239500046,0.2083333283662796,0.5799999833106995,4.4164780339805976e-13,5.188900485951652e+17,1.894994165683058e-32
1368303523,MAG,-0.0845833346247673,0.21183332800865173,0.5789166688919067,-9.158222240347478e-22,-4.7534251287930626e+36,57.36771774291992
1368403523,MAG,-0.09041666239500046,0.20208333432674408,0.5795833468437195,-1.3227908396478495e-16,5.914348599117691e+26,-3.9391374055871495e-33
1368503523,MAG,-0.08874999731779099,0.210999995470047,0.5726666450500488,-1.3560381712568986e+24,0.00011033543705707416,7.720963154690678e-35
1368603523,MAG,-0.09516666829586029,0.20250000059604645,0.5808333158493042,-133250.0,-2.711484633419423e+32,-3.647774686941864e+30
1368703523,MAG,-0.08999999612569809,0.20333333313465118,0.578499972820282,-4.087793801886338e-36,-1.241535868243242e+31,1.8498946153688167e-27
1368803523,MAG,-0.08541666716337204,0.20083333551883698,0.5730833411216736,4.383977234910747e+36,1.1706017461548347e+35,-9.633033926093049e-09
1368903523,MAG,-0.08416666835546494,0.2108333259820938,0.5789166688919067,-1.6970943209939015e+33,2.9129487303615413e+22,-1.2403428974110264e+28
1369003523,MAG,-0.08266666531562805,0.20999999344348907,0.5704166889190674,7.760167383617414e-34,-6.689496512279902e-09,-1.4971679007658167e-08
1369103523,MAG,-0.08999999612569809,0.2070833295583725,0.5734999775886536,8.562083642603002e-27,-8.729313744660961e-21,4.865932384399887e-15
1369203523,MAG,-0.08916666358709335,0.20624999701976776,0.5739166736602783,3989882884063232.0,1.5214164268076615e+29,-5.482510536595868e-14
